chunk_compression, gcm_encryption, ecdsa_signature, lepton_compression, total_creation, dht_store, length normal ,length compressed, final_length
62.835931778, 16.0348415375, 10.5528831482, 356.631994247, 334.808111191, 462.148189545, 360897, 285438, 337173,
111.745119095, 15.3980255127, 10.293006897, 353.379964828, 139.35303688, 389.059066772, 358757, 283782, 335228,
92.6141738892, 13.6370658875, 9.60493087769, 333.763837814, 117.920160294, 369.956970215, 317541, 253551, 293852,
14.5130157471, 4.15110588074, 10.7979774475, 224.411964417, 30.8148860931, 252.203941345, 61179, 24652, 32832,
22.274017334, 5.2969455719, 11.1758708954, 273.460149765, 40.118932724, 194.927930832, 75239, 34595, 46290,
21.3580131531, 5.2809715271, 11.157989502, 245.46289444, 39.2081737518, 250.668048859, 74099, 33837, 45242,
25.4278182983, 6.01601600647, 11.3878250122, 272.739887238, 44.2440509796, 223.020076752, 83102, 40729, 54446,
6.79898262024, 2.66599655151, 9.99903678894, 151.290178299, 20.8520889282, 172.138929367, 42707, 10343, 13996,
48.4709739685, 11.7461681366, 13.4959220886, 371.228933334, 75.2551555634, 247.146844864, 147290, 94843, 120905,
91.2179946899, 13.8778686523, 9.6869468689, 327.924966812, 116.837024689, 319.995880127, 321815, 257455, 298121,
77.2700309753, 13.6330127716, 9.58609580994, 330.099105835, 102.309942245, 347.045898438, 318209, 253815, 294453,
86.8940353394, 13.9570236206, 9.71102714539, 333.52804184, 112.371921539, 317.983150482, 324196, 259095, 300618,
88.9058113098, 15.1691436768, 10.1180076599, 345.221042633, 116.052150726, 389.596223831, 352225, 279855, 328512,
82.6828479767, 15.1629447937, 10.1721286774, 356.774091721, 109.872102737, 342.632055283, 352363, 279500, 328738,
104.736089706, 13.9389038086, 9.66882705688, 330.856800079, 130.235910416, 369.927883148, 323256, 257820, 299521,
12.2849941254, 3.71885299683, 10.5390548706, 217.972993851, 27.9231071472, 194.007873535, 55553, 20129, 27050,
22.2010612488, 5.42092323303, 11.0681056976, 225.188970566, 40.0719642639, 234.977960587, 75699, 35021, 46805,
22.2179889679, 5.34200668335, 11.0869407654, 244.444131851, 40.0848388672, 211.967945099, 75552, 34814, 46585,
26.0071754456, 6.12807273865, 11.3921165466, 268.571853638, 44.939994812, 207.045078278, 84223, 41614, 55058,
8.09597969055, 2.74300575256, 10.1449489594, 190.959215164, 22.2959518433, 165.977954865, 45379, 12341, 16580,
26.930809021, 6.88290596008, 11.7309093475, 312.660932541, 46.9470024109, 253.93986702, 91467, 49133, 63832,
84.7570896149, 14.2600536346, 9.85813140869, 345.659971237, 110.960006714, 313.191890717, 330956, 264210, 307466,
104.909896851, 23.6058235168, 9.5419883728, 317.854166031, 139.8229599, 288.424968719, 309665, 247247, 286244,
82.5979709625, 13.0097866058, 9.39607620239, 317.133903503, 106.98390007, 312.319040298, 302924, 239550, 279000,
90.1598930359, 15.5830383301, 10.2488994598, 362.373828888, 117.766141891, 544.747829437, 360540, 285110, 336735,
107.877969742, 18.5182094574, 9.59801673889, 319.334983826, 138.10300827, 300.796985626, 318181, 255079, 294677,
102.608203888, 15.8100128174, 9.40918922424, 333.035230637, 129.685163498, 323.914051056, 304005, 244223, 280417,
22.0670700073, 5.30600547791, 11.255979538, 273.589849472, 40.5898094177, 511.3530159, 75375, 34737, 46484,
27.9629230499, 6.46090507507, 11.5540027618, 303.425073624, 47.3899841309, 277.934074402, 88908, 45470, 59729,
23.0779647827, 5.57708740234, 11.2011432648, 251.541852951, 41.2728786469, 215.101003647, 76893, 35969, 48008,
23.796081543, 5.62214851379, 11.2969875336, 223.310947418, 42.1299934387, 194.92316246, 78837, 37444, 49946,
7.62486457825, 2.71415710449, 10.2880001068, 155.194044113, 21.9700336456, 181.782960892, 44603, 12075, 16195,
32.4079990387, 8.04209709167, 12.157201767, 288.667917252, 54.0289878845, 219.76685524, 104800, 59749, 77371,
111.742019653, 14.3461227417, 9.85908508301, 332.372903824, 138.170003891, 318.423032761, 333033, 265325, 309408,
97.2459316254, 24.6329307556, 18.2309150696, 306.051015854, 142.062902451, 295.502185822, 293671, 233803, 269931,
110.939025879, 22.2570896149, 9.60993766785, 321.056127548, 144.653081894, 329.31804657, 321534, 254161, 297650,
109.880924225, 15.6519412994, 10.4129314423, 362.402200699, 138.092041016, 353.536128998, 362657, 286825, 338922,
99.8909473419, 15.35820961, 10.1962089539, 398.133993149, 127.363920212, 363.251209259, 355728, 281754, 332127,
82.7059745789, 14.463186264, 9.86099243164, 336.971998215, 109.2710495, 441.22505188, 336310, 267143, 312631,
25.8800983429, 5.99193572998, 11.4269256592, 277.107000351, 44.6832180023, 235.363006592, 83078, 40677, 54237,
23.0917930603, 5.57589530945, 11.2178325653, 250.627994537, 41.3088798523, 201.70211792, 76861, 35837, 47914,
21.968126297, 5.4349899292, 11.2061500549, 221.236944199, 40.0240421295, 213.839054108, 75020, 34476, 46144,
28.6757946014, 6.73508644104, 11.6078853607, 292.848110199, 48.4580993652, 270.853996277, 91132, 47025, 62033,
8.48913192749, 2.84385681152, 10.1912021637, 183.007001877, 22.8579044342, 160.704851151, 45994, 12893, 17660,
23.815870285, 6.25896453857, 11.538028717, 265.525817871, 43.0290699005, 208.194971085, 83834, 42814, 56559,
91.2399291992, 13.6110782623, 9.5648765564, 327.830076218, 116.422176361, 323.429107666, 315883, 252940, 292351,
94.4590568542, 13.6451721191, 9.70196723938, 320.636034012, 119.604110718, 397.835969925, 318200, 253413, 294728,
85.0222110748, 13.2730007172, 9.43183898926, 319.159984589, 109.674215317, 310.469865799, 308871, 243861, 285048,
103.623151779, 15.7549381256, 10.3268623352, 385.138988495, 131.461143494, 357.17010498, 365399, 288411, 341703,
124.860048294, 18.6069011688, 10.3549957275, 377.557039261, 156.099081039, 311.012983322, 361354, 285176, 337843,
98.9561080933, 13.2021903992, 9.47523117065, 329.01096344, 123.425006866, 307.88397789, 308317, 247292, 284689,
29.2680263519, 6.92796707153, 11.6510391235, 291.531085968, 49.8609542847, 224.987983704, 93282, 48366, 64743,
24.5749950409, 5.71012496948, 11.3480091095, 242.627859116, 43.0200099945, 213.06014061, 79978, 38326, 51061,
18.4979438782, 4.59289550781, 11.0340118408, 233.546972275, 35.5179309845, 170.068025589, 66476, 27819, 37606,
21.7261314392, 5.32197952271, 11.1479759216, 253.122091293, 39.5941734314, 238.483190536, 74310, 33831, 45367,
6.25395774841, 2.33197212219, 10.2059841156, 169.352054596, 20.103931427, 182.20281601, 40764, 8884, 11930,
11.9099617004, 3.88097763062, 10.8458995819, 208.37521553, 28.0101299286, 368.671894073, 57614, 22792, 29550,
106.610059738, 14.4419670105, 9.86099243164, 347.161054611, 132.917165756, 309.502124786, 334946, 265155, 311371,
79.4839859009, 14.181137085, 9.83810424805, 332.390069962, 105.27586937, 345.437049866, 328440, 260732, 305108,
104.98213768, 14.4188404083, 9.87195968628, 338.684082031, 131.3560009, 297.909021378, 334672, 264112, 311039,
84.3458175659, 15.6087875366, 10.3080272675, 382.211208344, 112.148046494, 314.768075943, 361248, 285558, 337751,
91.8071269989, 15.4089927673, 10.3387832642, 334.000110626, 119.650840759, 309.453964233, 356449, 282612, 333045,
81.2740325928, 13.7288570404, 9.68599319458, 318.192958832, 106.497049332, 383.067131042, 319885, 255146, 296343,
30.9629440308, 7.63702392578, 12.2179985046, 304.445028305, 52.9429912567, 204.205036163, 100633, 56405, 73648,
31.2819480896, 7.69901275635, 11.9240283966, 348.325967789, 52.3519515991, 253.530025482, 99740, 55504, 72709,
27.4000167847, 6.36410713196, 11.5559101105, 299.203157425, 46.7338562012, 195.917844772, 87043, 43815, 57827,
19.2019939423, 4.73999977112, 10.9610557556, 238.752126694, 36.2730026245, 201.715946198, 68445, 29444, 39633,
4.62317466736, 1.93810462952, 10.0190639496, 142.500162125, 17.9059505463, 172.766923904, 36182, 5684, 7409,
18.8529491425, 5.13696670532, 11.3499164581, 230.556964874, 36.7479324341, 236.16194725, 72002, 33375, 44294,
98.8550186157, 14.2769813538, 9.840965271, 339.462995529, 124.936103821, 327.72898674, 330889, 263861, 307514,
106.729984283, 21.7590332031, 9.49001312256, 316.081047058, 139.786958694, 318.881988525, 311446, 248508, 288117,
88.3588790894, 13.1959915161, 9.51099395752, 326.879024506, 113.081932068, 295.500993729, 307793, 243792, 284009,
107.873916626, 15.4011249542, 10.244846344, 351.524114609, 135.264873505, 317.981004715, 357229, 282801, 333713,
120.877027512, 15.2609348297, 10.2200508118, 346.040964127, 148.614168167, 368.721008301, 353468, 280403, 330178,
106.927871704, 13.7917995453, 9.6800327301, 325.82616806, 132.205963135, 290.449857712, 321493, 256505, 297973,
18.1090831757, 4.54092025757, 10.8959674835, 234.800100327, 35.5198383331, 205.950975418, 65528, 27739, 37247,
27.3020267487, 6.36696815491, 11.5869045258, 276.071071625, 46.6480255127, 235.064983368, 88019, 44721, 58826,
21.2790966034, 5.21302223206, 11.2240314484, 243.684053421, 39.1809940338, 196.994066238, 74061, 33826, 45198,
21.7831134796, 5.29289245605, 11.1129283905, 270.802974701, 39.608001709, 225.805997849, 75052, 34531, 46147,
8.8369846344, 2.96497344971, 10.3569030762, 184.806108475, 23.5059261322, 216.876029968, 47000, 14180, 19125,
34.4309806824, 8.46099853516, 12.2489929199, 329.226016998, 56.568145752, 281.679153442, 109765, 62824, 82380,
65.8099651337, 12.510061264, 9.18889045715, 307.359933853, 89.329957962, 362.168073654, 289933, 231542, 266829,
58.8600635529, 11.6519927979, 8.80098342896, 346.921920776, 80.9991359711, 329.846858978, 273732, 215203, 250423,
86.4410400391, 21.9550132751, 14.0881538391, 332.726955414, 124.513864517, 284.191131592, 261960, 203038, 238121,
74.7838020325, 13.5838985443, 9.59920883179, 307.338237762, 99.6689796448, 301.194906235, 316523, 250290, 293059,
96.9150066376, 24.4359970093, 18.1708335876, 323.788881302, 141.587018967, 301.865100861, 290377, 230683, 266912,
93.6508178711, 23.4181880951, 17.8399085999, 298.084974289, 136.715173721, 565.805912018, 279524, 222520, 256031,
28.9170742035, 7.39502906799, 11.950969696, 303.167104721, 50.3242015839, 333.786964417, 97788, 54140, 70851,
22.5059986115, 5.37610054016, 11.1348628998, 231.462001801, 40.3940677643, 220.543861389, 76009, 35124, 47054,
22.8519439697, 5.5251121521, 11.1889839172, 260.406017303, 40.9870147705, 227.365016937, 77531, 36457, 48661,
22.6359367371, 5.4669380188, 11.0700130463, 265.290975571, 40.5840873718, 214.015007019, 76862, 35859, 47899,
40.5139923096, 9.9790096283, 12.7589702606, 331.565141678, 64.7358894348, 228.210926056, 126696, 77598, 99856,
95.7999229431, 12.7668380737, 9.31096076965, 301.983833313, 119.710922241, 320.57595253, 298182, 234597, 274728,
85.7970714569, 12.3488903046, 9.14692878723, 290.019035339, 109.012126923, 321.588039398, 288036, 226449, 264687,
60.77003479, 12.1560096741, 9.09805297852, 295.580863953, 83.8670730591, 277.63915062, 284842, 223545, 261563,
88.3648395538, 11.9268894196, 8.98003578186, 304.598093033, 111.016988754, 318.682909012, 279001, 219217, 255507,
91.3770198822, 23.5509872437, 17.40193367, 293.730974197, 134.389877319, 280.548810959, 280593, 221219, 257280,
88.0279541016, 12.8660202026, 9.33599472046, 305.93585968, 111.969947815, 307.940006256, 300203, 235371, 276814,
95.8399772644, 24.2619514465, 18.1560516357, 316.170930862, 140.462875366, 299.921989441, 288627, 227445, 265251,
27.1210670471, 6.3488483429, 11.4350318909, 254.461050034, 46.2989807129, 199.486970901, 86778, 43630, 57594,
25.8131027222, 6.04295730591, 11.4169120789, 290.663003922, 44.7061061859, 195.528030396, 83317, 40972, 54215,
19.6270942688, 4.79412078857, 11.0459327698, 214.725971222, 36.88788414, 182.307958603, 69272, 30007, 40351,
18.2161331177, 4.53114509583, 10.8699798584, 227.395057678, 35.0029468536, 166.877985001, 66084, 27578, 37255,
4.29606437683, 1.84607505798, 9.89603996277, 164.082050323, 17.3330307007, 212.859869003, 35429, 4888, 6536,
74.7230052948, 10.8969211578, 8.65817070007, 352.869987488, 95.9558486938, 274.857997894, 255482, 194160, 231613,
84.9781036377, 21.3930606842, 12.903213501, 350.666999817, 120.970964432, 298.7408638, 256322, 194261, 232462,
80.9161663055, 10.5819702148, 8.46886634827, 339.791059494, 101.94683075, 293.99895668, 246970, 186651, 223013,
83.9869976044, 16.6621208191, 8.54921340942, 344.998121262, 110.818862915, 318.93992424, 251275, 188991, 227197,
72.1008777618, 10.7932090759, 8.53109359741, 346.001148224, 93.1928157806, 265.337944031, 253107, 190078, 229040,
82.6508998871, 21.0199356079, 16.8759822845, 354.561090469, 122.396945953, 285.347938538, 251315, 191790, 227569,
82.3309421539, 13.0581855774, 8.57996940613, 347.448825836, 105.693817139, 264.750957489, 250177, 190412, 226414,
19.3438529968, 4.91404533386, 10.8110904694, 231.360912323, 36.4508628845, 209.916830063, 68763, 29723, 39978,
18.7928676605, 4.72116470337, 10.92004776, 212.476968765, 36.141872406, 167.322874069, 68096, 29207, 39287,
19.7970867157, 4.92691993713, 11.0220909119, 231.654167175, 37.1370315552, 205.676078796, 70311, 30894, 41503,
19.1278457642, 4.83798980713, 10.929107666, 211.533069611, 36.2858772278, 191.941976547, 68519, 29643, 39771,
19.4540023804, 4.77313995361, 10.8709335327, 208.600997925, 36.4949703217, 206.211090088, 68990, 29908, 40052,
15.7141685486, 4.70209121704, 10.9529495239, 246.845006943, 32.7560901642, 224.431037903, 65191, 28023, 37440,
32.2878360748, 7.99894332886, 12.0129585266, 302.671909332, 53.7528991699, 277.811050415, 104419, 58676, 76904,
55.5300712585, 13.6811733246, 14.2590999603, 263.620853424, 85.0400924683, 264.513015747, 169153, 116069, 143749,
55.2198886871, 13.7419700623, 14.151096344, 272.359848022, 84.704875946, 338.85383606, 169297, 116399, 144054,
55.2370548248, 7.14111328125, 7.16185569763, 254.973888397, 71.0890293121, 255.06401062, 169041, 115547, 143696,
37.5778675079, 9.22608375549, 12.5041007996, 320.513963699, 60.802936554, 204.854011536, 118338, 69950, 91092,
17.2548294067, 4.84204292297, 11.0728740692, 240.428924561, 34.5568656921, 189.386844635, 68480, 30567, 40677,
21.8000411987, 5.31601905823, 11.3351345062, 244.020938873, 39.882183075, 259.053945541, 75313, 34853, 46477,
22.0959186554, 5.39016723633, 11.1711025238, 233.047962189, 40.0469303131, 200.578927994, 75412, 34782, 46476,
27.7979373932, 6.41202926636, 11.4059448242, 304.241895676, 47.0750331879, 221.189975739, 88269, 44856, 59073,
22.7868556976, 5.63788414001, 11.3189220428, 253.067970276, 41.1739349365, 194.835186005, 77554, 36512, 48652,
12.1018886566, 3.57699394226, 10.51902771, 179.338932037, 27.5731086731, 167.197942734, 55136, 19540, 26182,
9.76991653442, 3.36194038391, 10.3809833527, 206.917047501, 24.9629020691, 179.455041885, 51792, 17561, 23512,
8.35299491882, 3.13901901245, 10.2829933167, 165.521144867, 23.1249332428, 192.348003387, 47478, 14226, 19092,
101.955890656, 13.4320259094, 9.52005386353, 321.509838104, 126.910924911, 308.745145798, 312435, 250501, 289044,
96.1258411407, 13.3090019226, 9.51910018921, 328.796863556, 120.687007904, 314.338922501, 309139, 248161, 285675,
85.7429504395, 13.2780075073, 9.42707061768, 314.260005951, 110.426902771, 289.748907089, 308391, 247425, 284894,
81.0649394989, 14.3671035767, 9.84001159668, 331.292152405, 106.980085373, 309.489011765, 333626, 266274, 310358,
82.8671455383, 13.9310359955, 9.6321105957, 348.209142685, 108.433961868, 278.111219406, 324829, 259293, 301346,
25.377035141, 5.97500801086, 11.4138126373, 255.262136459, 44.1582202911, 210.547924042, 83047, 40975, 54114,
20.4639434814, 5.07688522339, 10.8771324158, 247.180938721, 37.8229618073, 195.175170898, 71713, 31962, 42843,
23.8430500031, 5.65099716187, 11.3031864166, 240.273952484, 42.2241687775, 182.720899582, 78471, 37149, 49558,
21.9378471375, 5.36394119263, 11.1479759216, 225.035905838, 39.8778915405, 176.475048065, 74969, 34478, 46077,
27.3699760437, 6.37102127075, 11.6589069366, 304.296016693, 46.8339920044, 206.096887589, 87893, 44596, 58713,
7.14302062988, 2.7220249176, 10.2241039276, 193.362951279, 21.4910507202, 157.644033432, 44038, 11298, 15256,
16.8678760529, 4.72903251648, 11.0051631927, 236.078977585, 33.9570045471, 1169.12198067, 67259, 29633, 39462,
80.9571743011, 11.2669467926, 8.7468624115, 352.499961853, 102.799892426, 258.581161499, 263746, 202006, 239859,
59.5710277557, 11.372089386, 8.78310203552, 355.489969254, 81.3388824463, 278.650999069, 267698, 204975, 244011,
70.5890655518, 11.3971233368, 8.79192352295, 359.982013702, 92.7608013153, 275.665044785, 266698, 203652, 242822,
88.3359909058, 22.2079753876, 17.3270702362, 354.561090469, 129.556179047, 278.697967529, 265470, 203613, 241742,
88.1111621857, 15.0239467621, 8.69679450989, 353.491067886, 113.692998886, 401.626110077, 265154, 204606, 241597,
27.3349285126, 6.33382797241, 11.5389823914, 300.443172455, 46.6070175171, 196.625947952, 87434, 44270, 58259,
27.4770259857, 6.41107559204, 11.5141868591, 298.300027847, 46.8289852142, 231.790781021, 87616, 44371, 58373,
25.0101089478, 5.93400001526, 11.2869739532, 274.618864059, 43.6480045319, 187.851905823, 82007, 39948, 53031,
27.5001525879, 6.44302368164, 11.4929676056, 248.996019363, 46.844959259, 214.994192123, 87611, 44371, 58428,
5.96284866333, 2.30288505554, 10.1470947266, 157.544851303, 19.7198390961, 152.245998383, 40340, 8492, 11502,
11.8010044098, 3.6461353302, 10.5278491974, 204.654216766, 27.3249149323, 178.909063339, 55133, 20105, 26985,
81.8428993225, 13.0839347839, 9.42802429199, 334.774017334, 106.179952621, 321.434020996, 304259, 242730, 281080,
67.0838356018, 12.3131275177, 9.09614562988, 306.619882584, 90.3689861298, 313.276052475, 286464, 228670, 263293,
78.0520439148, 12.1059417725, 9.12189483643, 283.388137817, 101.230144501, 286.582231522, 282532, 222998, 258933,
62.8159046173, 10.2889537811, 8.33702087402, 314.19301033, 83.0769538879, 301.604032516, 242553, 182592, 218000,
73.4570026398, 14.1859054565, 8.17012786865, 312.328100204, 97.7320671082, 248.563051224, 228047, 171997, 203523,
70.620059967, 9.27519798279, 7.89308547974, 299.836158752, 89.5051956177, 260.704040527, 216647, 163602, 191857,
28.1491279602, 6.57105445862, 11.6529464722, 286.36097908, 48.2270717621, 223.191022873, 89648, 45952, 60506,
21.8539237976, 5.35297393799, 11.0189914703, 220.464944839, 39.6330356598, 190.561056137, 74334, 33896, 45378,
20.7228660583, 5.06591796875, 10.9891891479, 270.86687088, 38.1879806519, 210.293054581, 72410, 32637, 43618,
18.8448429108, 4.67300415039, 10.9040737152, 239.292144775, 35.7930660248, 171.314001083, 67962, 29112, 39118,
42.909860611, 10.4169845581, 13.1161212921, 364.499807358, 67.9178237915, 211.327075958, 131256, 81282, 104474,
43.9209938049, 10.7681751251, 13.1840705872, 366.822957993, 69.4398880005, 226.042985916, 136244, 85158, 109573,
54.5148849487, 13.3631229401, 14.0130519867, 260.457038879, 83.4610462189, 271.516084671, 164683, 111345, 139098,
61.2418651581, 9.1860294342, 8.07499885559, 292.294025421, 80.0731182098, 260.345935822, 218645, 164299, 194503,
79.1928768158, 22.5667953491, 16.5240764618, 324.365139008, 119.906902313, 262.776136398, 241215, 185345, 217622,
64.5520687103, 10.9958648682, 8.65387916565, 334.141016006, 85.8759880066, 281.219005585, 258003, 198815, 234333,
81.8810462952, 10.9679698944, 8.65697860718, 340.983867645, 103.255033493, 323.401212692, 256367, 198016, 232761,
79.265832901, 13.4999752045, 8.4969997406, 320.642948151, 102.980136871, 283.694028854, 246789, 191995, 223245,
23.8320827484, 5.75089454651, 11.4049911499, 285.493850708, 42.8860187531, 189.068078995, 79019, 37690, 50137,
29.5479297638, 7.49111175537, 11.9330883026, 272.053003311, 50.4350662231, 245.927095413, 97892, 54127, 70924,
21.3670730591, 5.3231716156, 10.9858512878, 256.650924683, 39.0779972076, 185.475826263, 73523, 33317, 44638,
21.9070911407, 5.28717041016, 11.335849762, 244.022130966, 39.9439334869, 186.707019806, 75099, 34662, 46246,
33.0638885498, 8.25905799866, 12.1109485626, 293.855905533, 54.8868179321, 237.051010132, 106474, 61194, 79505,
3.87620925903, 1.73020362854, 9.88793373108, 155.815124512, 16.802072525, 145.112037659, 33929, 3912, 5002,
108.156204224, 17.7040100098, 9.60803031921, 321.285963058, 137.508869171, 336.476802826, 319584, 256137, 296192,
85.4790210724, 13.7300491333, 9.56988334656, 328.785896301, 110.485076904, 290.128946304, 319709, 255688, 296448,
92.0350551605, 13.9548778534, 9.69481468201, 322.74389267, 117.693901062, 314.234972, 323681, 258842, 300229,
85.2191448212, 13.6218070984, 9.50288772583, 324.402809143, 110.156059265, 316.41793251, 315778, 253076, 292449,
96.3199138641, 14.261007309, 9.20915603638, 312.434196472, 121.846914291, 313.032150269, 294696, 236966, 271455,
85.7019424438, 13.640165329, 9.64903831482, 318.994045258, 110.66699028, 321.046113968, 316480, 253765, 293139,
28.557062149, 6.69503211975, 11.5361213684, 274.526119232, 48.2058525085, 250.323057175, 90655, 46290, 61873,
18.8069343567, 4.66799736023, 10.7889175415, 209.296941757, 35.6860160828, 177.763938904, 67482, 28713, 38674,
23.4868526459, 5.68699836731, 11.1570358276, 279.221057892, 41.7630672455, 262.79091835, 78255, 36938, 49288,
27.2841453552, 6.37197494507, 11.5330219269, 286.560058594, 46.5919971466, 202.074050903, 87515, 44265, 58466,
15.5251026154, 4.20188903809, 10.7529163361, 227.601051331, 31.8710803986, 200.721025467, 62256, 24938, 33475,
15.6400203705, 4.66799736023, 10.8439922333, 204.396009445, 32.5260162354, 202.558040619, 64953, 27692, 37014,
61.7198944092, 11.7008686066, 8.92090797424, 350.315093994, 84.1801166534, 342.934846878, 273065, 215756, 249506,
87.9590511322, 22.5448608398, 9.09018516541, 349.993944168, 121.470928192, 297.978878021, 267607, 209740, 244173,
83.2049846649, 11.225938797, 8.71300697327, 328.913927078, 105.068922043, 368.88718605, 262381, 202893, 238696,
91.313123703, 23.218870163, 17.7750587463, 322.176933289, 134.011030197, 520.332813263, 277275, 220892, 253779,
89.1878604889, 22.8509902954, 17.4481868744, 359.747171402, 131.765842438, 421.579122543, 272024, 214801, 248472,
90.3210639954, 23.0429172516, 9.0811252594, 359.090805054, 124.103784561, 387.614965439, 272977, 216013, 249493,
30.8499336243, 7.73906707764, 11.9919776917, 259.6180439, 52.0088672638, 401.099920273, 100949, 56691, 73966,
21.7440128326, 5.15604019165, 11.0220909119, 215.270996094, 39.7050380707, 258.663892746, 73351, 33195, 44485,
18.7509059906, 4.61483001709, 10.8571052551, 231.841802597, 35.6249809265, 266.007900238, 67037, 28359, 38253,
21.3530063629, 5.28192520142, 11.1680030823, 248.57711792, 39.1850471497, 234.042882919, 73473, 33359, 44687,
38.0868911743, 9.33599472046, 12.491941452, 306.882858276, 61.3989830017, 269.87195015, 119846, 71792, 92812,
55.5000305176, 13.6787891388, 10.4880332947, 252.604007721, 81.1920166016, 322.854042053, 168948, 115698, 143459,
80.3229808807, 12.4270915985, 9.0548992157, 312.861919403, 103.476047516, 492.276906967, 288902, 227358, 265360,
90.4898643494, 12.5880241394, 9.2511177063, 302.704811096, 114.00103569, 463.222026825, 293361, 230162, 270000,
66.910982132, 12.4218463898, 9.13190841675, 318.320989609, 90.4769897461, 365.688085556, 288789, 226128, 265426,
96.1470603943, 19.5279121399, 9.21607017517, 320.745944977, 126.770973206, 392.255067825, 293124, 230459, 269727,
73.4589099884, 12.3128890991, 9.12690162659, 304.034948349, 96.5240001678, 350.568056107, 286732, 225488, 263253,
83.359003067, 12.3121738434, 9.09996032715, 294.737100601, 106.502056122, 311.208963394, 285599, 226261, 262222,
11.1269950867, 3.49116325378, 10.4448795319, 212.548971176, 26.3998508453, 268.547058105, 53089, 18914, 25162,
12.4161243439, 3.72505187988, 10.6239318848, 184.739112854, 28.1729698181, 236.969947815, 55848, 20927, 27805,
21.5830802917, 5.27095794678, 10.959148407, 251.929998398, 39.2541885376, 238.33489418, 74586, 34252, 45708,
22.7880477905, 5.45692443848, 11.3120079041, 260.487794876, 40.952205658, 199.271917343, 77146, 36209, 48245,
13.1340026855, 3.6928653717, 10.6770992279, 184.53001976, 28.872013092, 221.001148224, 56554, 20450, 27723,
9.38296318054, 3.23605537415, 10.272026062, 173.797130585, 24.2540836334, 189.213037491, 48676, 15333, 20602,
30.8599472046, 7.45511054993, 11.9240283966, 263.212919235, 51.6860485077, 275.930166245, 99049, 54507, 71462,
55.2449226379, 13.6690139771, 14.2681598663, 332.128047943, 84.7079753876, 352.431058884, 168099, 115859, 142708,
56.5450191498, 14.0688419342, 14.2788887024, 268.034219742, 86.4689350128, 358.049869537, 173160, 120020, 148083,
47.9209423065, 11.5540027618, 13.4811401367, 379.332065582, 74.718952179, 267.245054245, 145401, 92409, 118728,
29.0939807892, 7.49707221985, 11.7909908295, 289.682149887, 49.8340129852, 259.948968887, 96996, 52816, 69461,
14.9350166321, 4.01592254639, 10.5259418488, 228.327989578, 30.8389663696, 247.102022171, 60656, 23612, 31785,
12.0298862457, 3.74007225037, 10.6229782104, 187.129974365, 27.773141861, 227.252006531, 55564, 20979, 27977,
31.909942627, 7.79891014099, 12.0849609375, 339.4780159, 53.2710552216, 249.783992767, 102554, 57609, 75542,
18.8059806824, 4.67491149902, 10.931968689, 211.301088333, 35.8099937439, 302.405118942, 67547, 28738, 38707,
21.4920043945, 5.32102584839, 10.9751224518, 224.421977997, 39.2138957977, 233.746051788, 74397, 34127, 45549,
27.2719860077, 6.37102127075, 11.6100311279, 275.362014771, 46.6740131378, 239.957094193, 87717, 44466, 58527,
3.97109985352, 1.8949508667, 9.94610786438, 152.221918106, 17.1010494232, 170.970916748, 34657, 4503, 5752,
46.7250347137, 11.2211704254, 13.2489204407, 371.99306488, 72.7860927582, 277.226924896, 141392, 89502, 114634,
47.5089550018, 11.5439891815, 13.3798122406, 388.404846191, 73.9710330963, 239.739179611, 144504, 92401, 117895,
90.7900333405, 23.2019424438, 13.2079124451, 346.39787674, 128.852844238, 368.25799942, 276009, 215550, 252542,
91.4511680603, 23.4611034393, 17.7199840546, 317.517995834, 134.435892105, 306.021928787, 279609, 220122, 256151,
93.4519767761, 21.045923233, 9.05990600586, 318.048000336, 125.378131866, 303.680896759, 282216, 223552, 258813,
78.5310268402, 11.3708972931, 8.74018669128, 341.989040375, 100.363969803, 332.84497261, 266253, 209843, 242716,
28.932094574, 7.43389129639, 12.0270252228, 295.991897583, 50.4100322723, 233.769893646, 97333, 53785, 70305,
21.3050842285, 5.31601905823, 11.1348628998, 223.851919174, 39.1731262207, 225.036144257, 73598, 33459, 44715,
21.9621658325, 5.34796714783, 11.207818985, 263.108968735, 39.9160385132, 206.345796585, 75450, 34896, 46568,
24.8379707336, 5.9061050415, 11.3639831543, 273.473978043, 43.5240268707, 219.707012177, 81450, 39530, 52483,
33.3099365234, 8.28385353088, 12.1557712555, 276.98802948, 55.1850795746, 235.435962677, 107839, 62099, 80839,
11.981010437, 3.80492210388, 10.6580257416, 200.425863266, 27.8148651123, 172.980070114, 55844, 20869, 28026,
90.5790328979, 23.3581066132, 17.6179409027, 303.21598053, 133.29911232, 314.909934998, 278289, 218554, 254893,
61.3222122192, 12.1059417725, 9.06300544739, 307.136058807, 84.212064743, 303.04312706, 283185, 221204, 259771,
83.8479995728, 11.8980407715, 8.85415077209, 298.052072525, 106.287002563, 311.331033707, 276839, 216042, 253401,
97.8820323944, 14.0991210938, 9.15098190308, 319.076061249, 122.809171677, 334.668159485, 288694, 223678, 264986,
81.2349319458, 12.225151062, 9.08803939819, 319.77391243, 104.198932648, 311.827898026, 285391, 221476, 261774,
89.635848999, 11.9988918304, 9.08899307251, 297.086000443, 112.464904785, 322.881937027, 280646, 219858, 257253,
25.4080295563, 5.92923164368, 11.433839798, 280.199050903, 44.7471141815, 305.183887482, 82693, 40436, 53627,
20.8051204681, 5.10001182556, 11.1660957336, 258.188962936, 38.4509563446, 504.471063614, 72612, 32721, 43854,
19.8090076447, 4.87995147705, 10.9930038452, 230.098962784, 37.052154541, 314.548969269, 70251, 30890, 41479,
18.5980796814, 4.77313995361, 10.8711719513, 254.794836044, 35.7329845428, 200.692176819, 67825, 28985, 39038,
6.83689117432, 2.42400169373, 10.0400447845, 174.515008926, 20.693063736, 188.566923141, 41715, 9368, 12753,
7.62486457825, 2.70390510559, 10.1759433746, 179.728984833, 21.8541622162, 294.376850128, 44434, 12111, 16140,
85.8688354492, 13.2808685303, 8.70680809021, 330.621957779, 109.73906517, 347.327947617, 256723, 193677, 232484,
80.0800323486, 11.2390518188, 8.69297981262, 346.37594223, 101.65309906, 278.814077377, 262230, 200242, 238463,
91.6359424591, 14.9369239807, 8.88180732727, 353.01399231, 117.387056351, 467.188835144, 270865, 206093, 247039,
87.0950222015, 11.4920139313, 8.82196426392, 347.068786621, 109.122991562, 362.428188324, 268008, 203310, 243923,
92.4170017242, 22.7088928223, 14.8541927338, 354.120016098, 131.88791275, 290.773153305, 271010, 206550, 247147,
86.2619876862, 19.2279815674, 8.7788105011, 355.85808754, 116.242170334, 346.220016479, 263544, 203411, 239938,
27.1780490875, 6.27279281616, 11.3909244537, 255.808115005, 46.2470054626, 293.454885483, 86907, 43807, 57720,
26.9849300385, 6.2940120697, 11.4088058472, 278.154850006, 46.1101531982, 211.186885834, 86199, 43190, 57101,
27.1158218384, 6.30307197571, 11.5039348602, 275.609970093, 46.3109016418, 273.635149002, 87131, 43984, 57975,
18.2819366455, 4.59909439087, 10.8728408813, 201.074123383, 35.1419448853, 167.701005936, 66304, 27733, 37418,
6.73794746399, 2.5200843811, 9.98282432556, 168.305158615, 20.5771923065, 183.912038803, 43075, 10587, 14284,
15.5081748962, 4.45103645325, 10.8020305634, 203.743934631, 32.1130752563, 185.121059418, 64237, 27149, 36357,
66.6501522064, 16.9892311096, 15.4051780701, 307.351827621, 100.672006607, 264.208078384, 205669, 153454, 181158,
53.2410144806, 9.04703140259, 7.976770401, 297.987937927, 71.7980861664, 288.578987122, 214147, 159097, 189799,
66.0710334778, 17.462015152, 7.98296928406, 277.57692337, 93.0888652802, 264.683008194, 206988, 151909, 182647,
72.1280574799, 18.4810161591, 15.8979892731, 306.472063065, 108.114957809, 266.258955002, 222417, 165784, 197785,
71.3489055634, 18.4137821198, 15.3110027313, 302.201986313, 106.739997864, 448.926925659, 222073, 167018, 197671,
70.4801082611, 18.2158946991, 16.0131454468, 328.068971634, 106.307029724, 250.077962875, 219376, 165464, 195159,
27.3239612579, 6.31189346313, 11.4119052887, 283.375024796, 46.4661121368, 197.221040726, 87173, 44082, 58062,
18.6429023743, 4.73999977112, 11.0220909119, 237.524032593, 36.1189842224, 239.115953445, 67573, 28792, 38803,
26.2989997864, 6.19602203369, 11.4150047302, 241.826057434, 45.3200340271, 201.216936111, 84706, 41955, 55529,
23.0548381805, 5.59592247009, 11.2462043762, 277.57191658, 41.2938594818, 199.867010117, 77875, 36722, 48939,
8.98694992065, 3.04198265076, 10.2090835571, 166.511058807, 23.619890213, 256.343126297, 47083, 13352, 18236,
7.40194320679, 2.83789634705, 10.3509426117, 160.593986511, 21.9368934631, 172.929048538, 44588, 12265, 16304,
82.8189849854, 15.4519081116, 8.44693183899, 337.396144867, 108.414888382, 329.885005951, 247543, 186300, 223122,
69.6229934692, 11.3260746002, 8.71586799622, 345.342874527, 91.411113739, 312.522888184, 265262, 202592, 241264,
71.7239379883, 11.4459991455, 8.73398780823, 349.058151245, 93.7838554382, 379.627943039, 266766, 202557, 242832,
87.6870155334, 21.8939781189, 9.5579624176, 358.80613327, 120.885133743, 278.706789017, 262414, 198143, 238019,
87.8579616547, 22.057056427, 17.3771381378, 362.622976303, 129.189968109, 359.022140503, 264310, 199844, 239999,
86.1887931824, 21.9252109528, 8.95619392395, 345.971107483, 118.808031082, 393.99600029, 260014, 199747, 236269,
24.3639945984, 5.66291809082, 11.2690925598, 268.12005043, 42.6828861237, 269.09995079, 79905, 38197, 50945,
22.604227066, 5.66411018372, 11.2819671631, 244.780063629, 40.9440994263, 218.147039413, 76991, 36153, 48129,
26.4918804169, 6.34384155273, 11.6000175476, 286.343097687, 45.902967453, 236.407995224, 86575, 43495, 58038,
19.2129611969, 4.66895103455, 10.8029842377, 226.144075394, 36.0848903656, 208.31489563, 67666, 28786, 38794,
88.8910293579, 14.9459838867, 8.79788398743, 350.573062897, 114.613056183, 282.105207443, 264364, 206088, 240850,
90.2841091156, 22.3181247711, 11.8281841278, 348.056793213, 126.137971878, 271.582126617, 265312, 202973, 241377,
76.0278701782, 19.4931030273, 16.2379741669, 312.67619133, 113.919019699, 329.819917679, 234089, 179996, 210163,
59.1559410095, 10.1149082184, 8.2368850708, 314.713001251, 79.2717933655, 330.461025238, 238015, 182021, 214458,
72.0279216766, 9.62090492249, 8.16893577576, 305.703163147, 91.3519859314, 332.643032074, 226293, 171124, 202594,
80.8849334717, 19.4790363312, 8.41093063354, 324.799060822, 110.65196991, 317.994832993, 245392, 188329, 221364,
74.5480060577, 10.0059509277, 8.26692581177, 320.348024368, 94.4459438324, 384.034156799, 234952, 181055, 211167,
68.6480998993, 10.2469921112, 8.28289985657, 325.465917587, 88.7560844421, 291.755199432, 240106, 186030, 216352,
13.2539272308, 4.0111541748, 10.8258724213, 246.194839478, 30.0691127777, 221.663951874, 59317, 23440, 31117,
31.1141014099, 7.74812698364, 12.0100975037, 306.751966476, 52.3319244385, 234.945058823, 101458, 56984, 74487,
22.4249362946, 5.38897514343, 11.1501216888, 280.414104462, 40.3838157654, 233.485937119, 76106, 35374, 47249,
25.8069038391, 6.0498714447, 11.3620758057, 285.701990128, 44.6598529816, 234.320163727, 83141, 40789, 54081,
11.561870575, 3.40604782104, 10.3750228882, 209.995031357, 26.7140865326, 176.503896713, 53004, 17792, 24201,
10.2710723877, 3.28493118286, 10.421037674, 174.880027771, 25.3489017487, 226.351976395, 50552, 16808, 22611,
93.0070877075, 18.1710720062, 8.98408889771, 331.775188446, 122.02000618, 322.302818298, 279661, 220347, 256174,
75.5708217621, 12.5851631165, 9.27209854126, 328.456163406, 99.1067886353, 370.909929276, 294043, 233464, 270608,
100.256919861, 12.9840373993, 9.38487052917, 270.07818222, 124.577045441, 381.398200989, 301951, 238128, 278386,
89.0119075775, 12.0048522949, 8.9259147644, 293.869018555, 111.671924591, 301.756858826, 279952, 223808, 256362,
91.518163681, 12.4208927155, 9.15789604187, 321.668148041, 114.949941635, 317.209005356, 289499, 231806, 265830,
94.0210819244, 17.539024353, 9.04011726379, 325.387001038, 122.36905098, 319.598197937, 283312, 226619, 259674,
28.1600952148, 6.64091110229, 11.6891860962, 239.08495903, 48.4938621521, 242.239952087, 90630, 46449, 61838,
23.0159759521, 5.51080703735, 11.2860202789, 259.639024734, 41.2888526917, 241.484165192, 77689, 36545, 48757,
19.8729038239, 4.93407249451, 11.0321044922, 214.350938797, 37.2707843781, 194.546937943, 70859, 31349, 42001,
21.1701393127, 5.23400306702, 11.0378265381, 217.497110367, 38.8510227203, 208.925962448, 73485, 33440, 44654,
25.8259773254, 5.98001480103, 11.4009380341, 275.377988815, 44.6131229401, 224.454879761, 82524, 40042, 53356,
23.4429836273, 6.14809989929, 11.45195961, 263.449907303, 42.4559116364, 227.755069733, 82238, 41055, 54684,
92.8220748901, 13.594865799, 9.5911026001, 323.104858398, 117.831945419, 375.995874405, 316047, 253275, 292480,
98.1841087341, 13.5180950165, 9.58013534546, 326.680898666, 122.982978821, 295.783042908, 314753, 252139, 291240,
76.4479637146, 13.6861801147, 9.65094566345, 326.583147049, 101.796150208, 353.699922562, 318181, 254663, 294640,
109.39002037, 15.4631137848, 9.73010063171, 321.934938431, 136.445045471, 324.365139008, 319856, 256124, 296373,
104.804039001, 13.631105423, 9.59897041321, 323.987007141, 129.66799736, 366.811990738, 314992, 252223, 291465,
98.2630252838, 13.1018161774, 9.44805145264, 315.986871719, 122.543096542, 336.754083633, 304474, 244894, 280852,
30.6551456451, 7.67397880554, 11.8100643158, 294.201850891, 51.5580177307, 250.344991684, 99739, 55708, 72812,
21.4250087738, 5.37991523743, 11.1179351807, 245.512008667, 39.3018722534, 299.628973007, 74091, 33801, 45259,
24.3611335754, 5.77998161316, 11.3401412964, 295.366048813, 42.8919792175, 201.901912689, 80050, 38352, 51124,
18.5339450836, 4.63485717773, 10.8869075775, 210.058927536, 35.4421138763, 180.036067963, 67218, 28641, 38464,
21.8169689178, 5.39517402649, 11.1310482025, 246.427059174, 39.742231369, 241.724014282, 74383, 34130, 45465,
24.7910022736, 6.42609596252, 11.5420818329, 277.491092682, 44.1651344299, 252.21991539, 85725, 43996, 58226,
13.7248039246, 4.29606437683, 10.8258724213, 214.210033417, 30.2219390869, 246.023893356, 60894, 24464, 32891,
46.2470054626, 11.3680362701, 13.2160186768, 389.346122742, 72.340965271, 265.53606987, 141737, 89781, 115142,
45.6290245056, 9.7770690918, 6.69479370117, 344.907045364, 63.5719299316, 275.254964828, 140329, 88306, 113514,
46.6060638428, 11.3229751587, 13.1931304932, 386.451005936, 72.6599693298, 275.680065155, 143495, 90987, 116877,
42.4010753632, 10.320186615, 12.8440856934, 362.880945206, 67.0819282532, 287.453889847, 130310, 79653, 103183,
78.4330368042, 12.5539302826, 9.21487808228, 314.072847366, 101.911067963, 340.219974518, 292838, 235574, 269374,
27.7080535889, 7.15494155884, 11.8198394775, 328.204154968, 48.6209392548, 325.111150742, 93560, 50697, 66524,
26.5781879425, 6.24990463257, 11.3918781281, 223.733901978, 45.7348823547, 301.567077637, 85773, 42787, 56580,
22.766828537, 5.64193725586, 11.2209320068, 256.711959839, 41.0602092743, 205.770015717, 77558, 36631, 48697,
22.9489803314, 5.63311576843, 11.1849308014, 276.557922363, 41.1698818207, 272.488832474, 78057, 36870, 49275,
10.7200145721, 3.27301025391, 10.3600025177, 226.07588768, 25.7248878479, 179.404973984, 51073, 16376, 22347,
11.0960006714, 3.73005867004, 10.458946228, 184.216976166, 26.6449451447, 190.999984741, 53820, 19282, 25858,
78.8779258728, 14.356136322, 8.44407081604, 323.251962662, 103.276014328, 298.95401001, 243680, 188091, 219982,
63.7080669403, 10.5469226837, 8.52584838867, 319.944143295, 84.5789909363, 302.35004425, 244244, 188255, 220452,
82.8838348389, 17.1978473663, 8.54420661926, 329.508066177, 110.352993011, 324.510097504, 251773, 193073, 228256,
84.587097168, 15.692949295, 8.68391990662, 334.011077881, 110.589027405, 296.009063721, 256679, 198025, 232928,
79.451084137, 20.4918384552, 16.6461467743, 341.714859009, 118.479013443, 320.79911232, 245557, 189834, 221912,
81.3400745392, 12.8810405731, 8.53419303894, 323.621034622, 104.552984238, 286.106109619, 249845, 194046, 226213,
20.2400684357, 4.97102737427, 11.00897789, 271.190881729, 37.6238822937, 212.00799942, 71020, 31495, 42261,
19.5100307465, 4.83393669128, 10.9100341797, 241.51802063, 36.6599559784, 190.69981575, 69408, 30253, 40576,
25.2320766449, 5.84316253662, 11.4290714264, 306.597232819, 43.9429283142, 205.082893372, 81509, 39520, 52535,
25.7837772369, 6.02722167969, 11.3210678101, 246.70791626, 44.5630550385, 196.536064148, 82604, 40322, 53565,
26.72290802, 6.25491142273, 11.4459991455, 279.097080231, 45.8538532257, 205.859899521, 85716, 42877, 56668,
26.0620117188, 6.53910636902, 11.5721225739, 292.837142944, 45.5539226532, 238.603830338, 87793, 45538, 60206,
46.0681915283, 11.1241340637, 13.2598876953, 363.646030426, 71.9289779663, 281.359910965, 140215, 88488, 113287,
52.6220798492, 13.179063797, 13.9410495758, 272.619962692, 81.328868866, 312.448978424, 160786, 108567, 135030,
57.5051307678, 14.0981674194, 14.2500400543, 334.714174271, 87.4660015106, 255.486011505, 173270, 120482, 148308,
60.0390434265, 10.0841522217, 8.29100608826, 318.293094635, 79.9479484558, 328.907966614, 236526, 180478, 212379,
76.1160850525, 12.7079486847, 8.26478004456, 311.452865601, 98.7000465393, 282.562017441, 235427, 180030, 211408,
74.5408535004, 19.3929672241, 16.1740779877, 341.159105301, 111.884117126, 263.877868652, 232893, 179942, 209131,
10.4727745056, 3.4921169281, 10.617017746, 199.312925339, 26.4539718628, 283.878087997, 53646, 19185, 25174,
28.5868644714, 6.76298141479, 11.6338729858, 304.393053055, 48.4352111816, 193.773031235, 91388, 47306, 62393,
23.7109661102, 5.76591491699, 11.2648010254, 272.407054901, 42.1681404114, 204.54120636, 79151, 37799, 50277,
22.8338241577, 5.53297996521, 11.1970901489, 250.618219376, 40.9719944, 203.186035156, 76630, 35622, 47636,
26.5328884125, 6.23106956482, 11.6651058197, 302.521944046, 45.8400249481, 228.728055954, 85813, 43071, 56741,
67.0480728149, 17.1449184418, 15.3779983521, 375.065088272, 101.35102272, 287.994861603, 206242, 151866, 181606,
59.289932251, 8.58116149902, 7.7121257782, 279.026031494, 77.1169662476, 297.442913055, 203980, 149033, 179080,
65.4129981995, 8.59689712524, 7.66396522522, 277.278900146, 83.456993103, 317.747116089, 203752, 148219, 178881,
59.0629577637, 8.65793228149, 7.85899162292, 282.254934311, 77.0969390869, 374.99499321, 206682, 150683, 182061,
63.6260509491, 10.3750228882, 8.38899612427, 317.214012146, 83.9519500732, 385.362863541, 243948, 186817, 219967,
76.0560035706, 16.9620513916, 8.26096534729, 314.268112183, 103.260040283, 308.559179306, 237769, 183078, 213946,
34.6040725708, 8.52513313293, 12.3801231384, 283.403873444, 56.9438934326, 233.328819275, 109804, 63426, 82715,
12.7861499786, 4.0180683136, 10.6520652771, 210.918903351, 28.8619995117, 238.216161728, 58697, 22874, 30390,
24.7509479523, 5.87105751038, 11.4178657532, 243.69096756, 43.4758663177, 211.455106735, 81028, 39114, 52095,
22.2029685974, 5.3870677948, 11.1861228943, 253.059864044, 40.2581691742, 219.238996506, 76071, 35298, 47224,
22.4959850311, 5.43808937073, 11.2500190735, 269.804000854, 40.6041145325, 187.130212784, 76687, 35826, 47831,
28.3150672913, 6.74700737, 11.6040706635, 269.43898201, 48.070192337, 214.08200264, 91245, 47284, 62208,
10.4429721832, 3.44300270081, 10.3600025177, 182.577133179, 25.621175766, 200.256109238, 50916, 17046, 22841,
69.041967392, 10.9620094299, 8.54396820068, 325.389146805, 90.3098583221, 344.169855118, 256239, 198968, 232667,
79.1230201721, 10.9858512878, 8.68105888367, 331.444978714, 100.397109985, 317.375898361, 257291, 199588, 233875,
71.3360309601, 10.8540058136, 8.57186317444, 331.393957138, 92.6299095154, 307.074069977, 253586, 196600, 229983,
81.1131000519, 11.0700130463, 8.57400894165, 335.107803345, 102.332115173, 316.94483757, 257590, 199542, 234063,
77.72397995, 11.3470554352, 8.74781608582, 344.169855118, 99.4248390198, 333.116054535, 263819, 204014, 240306,
76.1799812317, 11.0189914703, 8.61191749573, 327.965021133, 97.4750518799, 429.828882217, 258060, 200671, 234534,
28.8701057434, 7.39789009094, 12.0899677277, 297.132015228, 50.2231121063, 229.525089264, 97401, 53908, 70522,
28.4781455994, 7.35592842102, 11.8789672852, 325.458049774, 49.222946167, 208.441972733, 96454, 53040, 69568,
24.1360664368, 5.77211380005, 11.223077774, 225.001096725, 42.564868927, 197.914123535, 79969, 38233, 51067,
19.2720890045, 4.88185882568, 10.8859539032, 233.330011368, 36.4439487457, 202.974081039, 69633, 30498, 40833,
18.3310508728, 4.58693504333, 10.8029842377, 209.897994995, 35.1021289825, 217.455148697, 65974, 27514, 37079,
10.2770328522, 3.40390205383, 10.3878974915, 168.581962585, 25.4230499268, 182.508945465, 51241, 17287, 23146,
29.659986496, 7.4200630188, 11.8970870972, 307.2681427, 50.430059433, 235.084056854, 97842, 53486, 70203,
52.8130531311, 12.9759311676, 13.9691829681, 255.192995071, 81.2919139862, 306.586027145, 160832, 108598, 134904,
64.0139579773, 12.0189189911, 8.94999504089, 323.67515564, 86.9319438934, 333.663225174, 280253, 217057, 256565,
92.423915863, 23.206949234, 12.757062912, 298.485040665, 130.133867264, 365.99111557, 277313, 214928, 253806,
90.8939838409, 16.4859294891, 8.84389877319, 348.469018936, 118.286132812, 314.75019455, 271798, 209954, 248261,
90.5001163483, 22.901058197, 17.648935318, 357.308864594, 132.809877396, 304.646968842, 272674, 212288, 249298,
25.7451534271, 6.07991218567, 11.4650726318, 275.228023529, 45.1991558075, 273.610830307, 83671, 41144, 54557,
27.9331207275, 6.49094581604, 11.6860866547, 261.029005051, 47.5101470947, 236.263990402, 89373, 45848, 60107,
27.3790359497, 6.4799785614, 11.4889144897, 257.048130035, 46.7989444733, 232.449054718, 87894, 44601, 58686,
24.3489742279, 5.82003593445, 11.2121105194, 289.829969406, 42.7780151367, 208.358049393, 79663, 37999, 50700,
13.4408473969, 3.81898880005, 10.6060504913, 184.817075729, 29.235124588, 267.255067825, 57136, 21150, 28836,
26.0491371155, 6.57892227173, 11.7139816284, 284.608125687, 45.7639694214, 199.442863464, 87657, 45314, 59905,
24.0571498871, 6.12187385559, 11.4920139313, 287.940979004, 43.0979728699, 228.621959686, 83195, 41878, 55507,
79.7560214996, 10.7529163361, 8.52298736572, 353.60789299, 100.661993027, 301.240921021, 251833, 190491, 227865,
71.074962616, 10.7271671295, 8.45217704773, 349.983930588, 91.9451713562, 332.366943359, 251925, 190170, 228033,
55.1278591156, 13.6811733246, 14.2731666565, 269.750118256, 84.6769809723, 265.383005142, 168770, 114381, 143272,
59.1719150543, 14.9269104004, 14.6369934082, 272.917032242, 90.7242298126, 330.997943878, 182078, 129401, 157425,
59.5328807831, 15.2640342712, 14.7490501404, 298.979997635, 91.1891460419, 286.029100418, 186305, 133851, 161743,
25.8719921112, 6.10399246216, 11.3461017609, 239.120006561, 44.7318553925, 242.75803566, 83867, 41351, 54746,
19.9129581451, 5.0151348114, 11.0249519348, 215.051174164, 37.3718738556, 190.791845322, 70390, 30919, 41538,
21.4190483093, 5.30099868774, 11.1191272736, 222.371816635, 39.2398834229, 255.511045456, 73584, 33511, 44804,
19.1271305084, 4.84991073608, 11.0747814178, 225.940942764, 36.456823349, 365.772008896, 69643, 30555, 40878,
7.19594955444, 2.53200531006, 10.1301670074, 173.296928406, 21.2168693542, 175.51112175, 42768, 10233, 14144,
22.1798419952, 5.98788261414, 11.3830566406, 243.077993393, 40.9841537476, 246.568918228, 80803, 40523, 53366,
74.1848945618, 14.2221450806, 8.18681716919, 320.931911469, 98.3200073242, 334.314823151, 225682, 168745, 201486,
67.8770542145, 16.8581008911, 15.3439044952, 300.774812698, 101.687908173, 267.384052277, 204712, 148396, 179762,
67.3680305481, 16.979932785, 7.83395767212, 294.143915176, 93.7731266022, 266.792058945, 203350, 147462, 178201,
73.3699798584, 11.4731788635, 8.10098648071, 315.505981445, 94.5200920105, 493.22104454, 223046, 165259, 198605,
71.653842926, 17.4429416656, 9.49907302856, 308.588027954, 100.198030472, 250.238895416, 211300, 153643, 186467,
71.1119174957, 17.5371170044, 15.4800415039, 318.818092346, 105.806112289, 277.183055878, 212343, 155953, 187550,
27.5809764862, 6.3169002533, 11.5721225739, 280.200004578, 46.9040870667, 233.028173447, 87367, 44181, 58173,
28.0349254608, 6.42514228821, 11.6341114044, 271.888017654, 47.4770069122, 220.295190811, 88690, 45257, 59498,
24.778842926, 5.89489936829, 11.3608837128, 256.189823151, 43.4679985046, 212.733030319, 80882, 39057, 51949,
22.4919319153, 5.45287132263, 11.1391544342, 259.82093811, 40.5149459839, 224.733114243, 76029, 35348, 47117,
10.910987854, 3.66711616516, 10.3960037231, 219.954967499, 26.3249874115, 202.203989029, 54505, 19670, 26183,
33.7319374084, 8.52298736572, 12.3789310455, 318.45498085, 56.0998916626, 251.119852066, 110112, 63725, 83054,
96.4269638062, 14.4219398499, 9.86385345459, 344.51508522, 122.930049896, 440.742015839, 333645, 266998, 310486,
118.489980698, 15.4461860657, 10.0469589233, 334.201097488, 146.028995514, 345.103979111, 341355, 271671, 318111,
114.03799057, 24.6558189392, 9.90605354309, 328.573942184, 150.767803192, 362.156867981, 333438, 263595, 309924,
92.1127796173, 13.0641460419, 9.36579704285, 309.710025787, 116.477012634, 352.343797684, 304698, 243979, 281020,